<?xml version="1.0" encoding="UTF-8" ?>
<!DOCTYPE mapper
    PUBLIC "-//mybatis.org//DTD Mapper 3.0//EN"
    "http://mybatis.org/dtd/mybatis-3-mapper.dtd">
<mapper namespace="ru.finance.my.repository.mapper.AccountMapper">

  <resultMap id="AccountMap" type="ru.finance.my.entity.Account">
    <result property="id" column="id"/>
    <result property="name" column="name"/>
    <result property="sum" column="sum"/>
    <result property="userId" column="user_id"/>
  </resultMap>

  <select id="getAllByUserId" resultMap="AccountMap">
    SELECT
    a.id,
    a.name,
    a.sum,
    a.user_id
    FROM account a
    WHERE a.user_id = #{userId}
  </select>

  <select id="getById" resultMap="AccountMap">
    SELECT
    a.id,
    a.name,
    a.sum,
    a.user_id
    FROM account a
    WHERE a.id = #{accountId}
  </select>

  <update id="plusSum">
    UPDATE account SET
    sum = sum + #{sum}
    WHERE id = #{accountId}
  </update>

  <update id="minusSum">
    UPDATE account SET
    sum = sum - #{sum}
    WHERE id = #{accountId}
  </update>

  <update id="update" parameterType="ru.finance.my.entity.Account">
    UPDATE account SET
    name=#{name},
    sum=#{sum}
    WHERE id=#{id}
  </update>

  <delete id="deleteById">
    DELETE FROM account
    WHERE id=#{accountId}
  </delete>

  <insert id="createNew" parameterType="ru.finance.my.entity.Account">
    <selectKey order="BEFORE" keyProperty="id" resultType="Long">
      SELECT nextval('account_seq');
    </selectKey>
    INSERT INTO account(id, name, sum, user_id)
    VALUES(#{id}, #{name}, #{sum}, #{userId})
  </insert>

  <delete id="deleteByUserId">
    DELETE FROM account
    WHERE user_id=#{userId}
  </delete>
</mapper>